Dates,Open,Close,Volume
15-12-2022 13:10,2653,2654.85,3847
15-12-2022 13:05,2650,2653,1943
15-12-2022 13:00,2648,2650,2649
15-12-2022 12:55,2648.75,2646.7,641
15-12-2022 12:50,2649.4,2648.9,201
15-12-2022 12:45,2647,2649.4,393
15-12-2022 12:40,2646.5,2646.05,255
15-12-2022 12:35,2648.95,2645.6,1301
15-12-2022 12:30,2649.8,2648.85,400
15-12-2022 12:25,2649.95,2649.85,1166
15-12-2022 12:20,2649.5,2649,1631
15-12-2022 12:15,2646.6,2648.6,794
15-12-2022 12:10,2645.5,2645.8,410
15-12-2022 12:05,2642.35,2644.95,848
15-12-2022 12:00,2645,2642.35,1734
15-12-2022 11:55,2647,2646.3,1151
15-12-2022 11:50,2647,2645.75,949
15-12-2022 11:45,2646.7,2647,412
15-12-2022 11:40,2646.4,2645.1,243
15-12-2022 11:35,2646.05,2646.35,687
15-12-2022 11:30,2642.05,2643.9,1216
15-12-2022 11:25,2643.35,2642.15,565
15-12-2022 11:20,2645.05,2643.35,973
15-12-2022 11:15,2648,2646,942
15-12-2022 11:10,2647,2648.85,2551
15-12-2022 11:05,2639.3,2648,4308
15-12-2022 11:00,2641.9,2639.25,1535
15-12-2022 10:55,2639.65,2640.3,837
15-12-2022 10:50,2639.8,2639.2,1771
15-12-2022 10:45,2640.05,2639.9,5916
15-12-2022 10:40,2645.8,2641.05,1849
15-12-2022 10:35,2648.45,2645.85,1536
15-12-2022 10:30,2649.25,2647.45,771
15-12-2022 10:25,2648,2649.25,1071
15-12-2022 10:20,2648,2647.25,1544
15-12-2022 10:15,2649.7,2648.85,3679
15-12-2022 10:10,2649.85,2649.7,1168
15-12-2022 10:05,2652,2651.35,1779
15-12-2022 10:00,2653.75,2652,2511
15-12-2022 09:55,2654.25,2655.2,1644
15-12-2022 09:50,2653,2654.3,1508
15-12-2022 09:45,2661.7,2653,2575
15-12-2022 09:40,2651.05,2659.1,5852
15-12-2022 09:35,2648,2653.2,3949
15-12-2022 09:30,2654,2648,8125
15-12-2022 09:25,2657.95,2655.25,7473
15-12-2022 09:20,2657.2,2658,8074
15-12-2022 09:15,2666.35,2657.05,11287
15-12-2022 09:05,2666,2666,194
14-12-2022 16:50,2672.45,2672.45,0
14-12-2022 15:40,2672.45,2672.45,50
14-12-2022 15:30,2672.45,2672.45,217
14-12-2022 15:25,2660.65,2663.85,14960
14-12-2022 15:20,2662.55,2660,23364
14-12-2022 15:15,2667.55,2663.3,25323
14-12-2022 15:10,2684.05,2665.25,27079
14-12-2022 15:05,2676.05,2681.8,22750
14-12-2022 15:00,2703.1,2677.6,20003
14-12-2022 14:55,2699,2701.35,4316
14-12-2022 14:50,2698.95,2699,5616
14-12-2022 14:45,2694,2698.95,3762
14-12-2022 14:40,2697,2694,2155
14-12-2022 14:35,2694.15,2694.05,11476
14-12-2022 14:30,2691.25,2694.15,3656
14-12-2022 14:25,2689.65,2689.8,2053
14-12-2022 14:20,2688.15,2690.25,1664
14-12-2022 14:15,2689.45,2688.6,5230
14-12-2022 14:10,2685,2686.7,4439
14-12-2022 14:05,2683,2684,2237
14-12-2022 14:00,2677.1,2682.85,1490
14-12-2022 13:55,2679.6,2677.15,891
14-12-2022 13:50,2679.2,2679.6,1734
14-12-2022 13:45,2681,2677,2021
14-12-2022 13:40,2678.95,2681,2032
14-12-2022 13:35,2676,2678.95,1594
14-12-2022 13:30,2680.5,2676.55,1269
14-12-2022 13:25,2680,2680.45,404
14-12-2022 13:20,2680.45,2679.5,552
14-12-2022 13:15,2680.9,2680.45,1022
14-12-2022 13:10,2682.4,2681.35,925
14-12-2022 13:05,2677.85,2682.4,706
14-12-2022 13:00,2681.55,2677.8,2295
14-12-2022 12:55,2686.85,2682.3,532
14-12-2022 12:50,2688.6,2684.25,432
14-12-2022 12:45,2683.95,2688.75,1786
14-12-2022 12:40,2681.75,2683.95,1595
14-12-2022 12:35,2682.95,2680.3,3080
14-12-2022 12:30,2684.9,2682.95,1050
14-12-2022 12:25,2685,2684.9,536
14-12-2022 12:20,2687,2685,778
14-12-2022 12:15,2687.95,2686.15,832
14-12-2022 12:10,2691.75,2687.55,3349
14-12-2022 12:05,2685.4,2691.7,3735
14-12-2022 12:00,2678.85,2685.4,4921
14-12-2022 11:55,2679.05,2678.2,1346
14-12-2022 11:50,2676.05,2679.05,542
14-12-2022 11:45,2677.9,2677.45,901
14-12-2022 11:40,2679.45,2677.9,1205
14-12-2022 11:35,2677.05,2678.35,830
14-12-2022 11:30,2675.65,2679.25,994
14-12-2022 11:25,2679.6,2677,549
14-12-2022 11:20,2676.55,2677.7,1521
14-12-2022 11:15,2676.2,2676.45,653
14-12-2022 11:10,2680,2677.95,1078
14-12-2022 11:05,2677.95,2678.15,2227
14-12-2022 11:00,2675,2677,1468
14-12-2022 10:55,2673.55,2677.75,849
14-12-2022 10:50,2673.2,2672,1265
14-12-2022 10:45,2673.6,2674.35,798
14-12-2022 10:40,2677.05,2675.9,1169
14-12-2022 10:35,2674.5,2677.65,1226
14-12-2022 10:30,2670.1,2674.85,3223
14-12-2022 10:25,2678.1,2671.95,3459
14-12-2022 10:20,2667,2678.9,4883
14-12-2022 10:15,2667.35,2665.9,1731
14-12-2022 10:10,2664.9,2667.45,1527
14-12-2022 10:05,2664.25,2664.9,806
14-12-2022 10:00,2667,2664,827
14-12-2022 09:55,2667.1,2667,2061
14-12-2022 09:50,2665,2669,3991
14-12-2022 09:45,2661.6,2663.05,2998
14-12-2022 09:40,2669.4,2662,3167
14-12-2022 09:35,2667.55,2670,3678
14-12-2022 09:30,2673.95,2668.95,6390
14-12-2022 09:25,2659,2672.5,14952
14-12-2022 09:20,2651.05,2657.5,10279
14-12-2022 09:15,2663.5,2652.7,19470
14-12-2022 09:05,2658,2658,529
13-12-2022 16:50,2652.8,2652.8,0
13-12-2022 15:55,2652.8,2652.8,3
13-12-2022 15:50,2652.8,2652.8,1
13-12-2022 15:40,2652.8,2652.8,46
13-12-2022 15:30,2652.8,2652.8,15
13-12-2022 15:25,2637.6,2644.9,12488
13-12-2022 15:20,2650.25,2637.5,23887
13-12-2022 15:15,2655.2,2650.25,19619
13-12-2022 15:10,2664.2,2656.7,15433
13-12-2022 15:05,2652.05,2662.85,16561
13-12-2022 15:00,2668.45,2653.15,25023
13-12-2022 14:55,2664.05,2668.45,2716
13-12-2022 14:50,2664.9,2665.2,4951
13-12-2022 14:45,2663.65,2665,2291
13-12-2022 14:40,2664,2662,1285
13-12-2022 14:35,2664.9,2664,1741
13-12-2022 14:30,2663.2,2663.2,748
13-12-2022 14:25,2665.55,2665,2808
13-12-2022 14:20,2662,2665.6,1320
13-12-2022 14:15,2660,2662,994
13-12-2022 14:10,2663,2661.45,2148
13-12-2022 14:05,2666,2663,929
13-12-2022 14:00,2666,2665.9,551
13-12-2022 13:55,2667.95,2666,699
13-12-2022 13:50,2663.95,2666.35,1829
13-12-2022 13:45,2662.1,2663.9,1455
13-12-2022 13:40,2667.45,2663,1408
13-12-2022 13:35,2667,2667.45,1018
13-12-2022 13:30,2669.55,2667,1127
13-12-2022 13:25,2664.8,2670.25,1905
13-12-2022 13:20,2670,2664.8,3588
13-12-2022 13:15,2670.2,2670.05,2097
13-12-2022 13:10,2671.8,2671,1115
13-12-2022 13:05,2678,2671.65,3432
13-12-2022 13:00,2670.5,2678.95,7373
13-12-2022 12:55,2662.9,2674.35,4057
13-12-2022 12:50,2662.3,2661.2,1199
13-12-2022 12:45,2661.75,2661.5,737
13-12-2022 12:40,2662.1,2661.05,1641
13-12-2022 12:35,2661.4,2662.1,1093
13-12-2022 12:30,2662.15,2660.05,1507
13-12-2022 12:25,2663.85,2663,1577
13-12-2022 12:20,2665.85,2664.65,515
13-12-2022 12:15,2665.65,2663.5,1321
13-12-2022 12:10,2665.5,2663.3,2611
13-12-2022 12:05,2663.35,2664.2,2159
13-12-2022 12:00,2667.2,2663.35,2346
13-12-2022 11:55,2663.95,2667.2,1690
13-12-2022 11:50,2663.05,2663.95,1180
13-12-2022 11:45,2664.2,2664.75,1320
13-12-2022 11:40,2663,2664.2,1653
13-12-2022 11:35,2662,2664,899
13-12-2022 11:30,2662,2662,1231
13-12-2022 11:25,2665.1,2662.95,822
13-12-2022 11:20,2660.35,2664.8,3655
13-12-2022 11:15,2657,2660.35,2003
13-12-2022 11:10,2658.9,2658,1386
13-12-2022 11:05,2658.55,2658.65,1089
13-12-2022 11:00,2662.3,2659.6,5428
13-12-2022 10:55,2665.9,2661,1325
13-12-2022 10:50,2665.35,2665.9,1824
13-12-2022 10:45,2662,2665.35,1298
13-12-2022 10:40,2662.3,2663.7,3266
13-12-2022 10:35,2665.55,2663,1799
13-12-2022 10:30,2666.2,2665.55,1966
13-12-2022 10:25,2670.1,2666.2,3944
13-12-2022 10:20,2670,2670.6,1489
13-12-2022 10:15,2677.45,2671.6,2611
13-12-2022 10:10,2671,2675.8,2762
13-12-2022 10:05,2671.8,2671,6587
13-12-2022 10:00,2677.1,2669.9,4767
13-12-2022 09:55,2683.65,2678.7,2767
13-12-2022 09:50,2684.1,2684.45,3834
13-12-2022 09:45,2694.15,2683.7,5316
13-12-2022 09:40,2696.85,2692.65,2541
13-12-2022 09:35,2689.05,2696.85,4755
13-12-2022 09:30,2690,2694.75,4111
13-12-2022 09:25,2683.4,2688,3370
13-12-2022 09:20,2690,2682,2888
13-12-2022 09:15,2701.1,2689.95,8612
13-12-2022 09:05,2697.85,2697.85,340
12-12-2022 16:55,2687.85,2687.85,0
12-12-2022 15:55,2687.85,2687.85,3
12-12-2022 15:45,2687.85,2687.85,15
12-12-2022 15:40,2687.85,2687.85,34
12-12-2022 15:30,2687.85,2687.85,3
12-12-2022 15:25,2694.25,2685,13607
12-12-2022 15:20,2686,2693.95,27199
12-12-2022 15:15,2674.7,2686.8,36076
12-12-2022 15:10,2676.5,2674.95,15447
12-12-2022 15:05,2698,2674.95,32283
12-12-2022 15:00,2689.9,2698,22749
12-12-2022 14:55,2691.85,2687.8,5760
12-12-2022 14:50,2690,2693,9069
12-12-2022 14:45,2691,2691,4630
12-12-2022 14:40,2688.9,2691,8351
12-12-2022 14:35,2688,2688,4206
12-12-2022 14:30,2685,2688,6080
12-12-2022 14:25,2681.6,2684.4,5787
12-12-2022 14:20,2679.8,2683.95,12824
12-12-2022 14:15,2681,2678.05,4228
12-12-2022 14:10,2679.6,2681,3596
12-12-2022 14:05,2680,2680,3002
12-12-2022 14:00,2679,2678.5,2832
12-12-2022 13:55,2677.9,2679,5223
12-12-2022 13:50,2678,2676.7,3387
12-12-2022 13:45,2680,2678,5062
12-12-2022 13:40,2673.65,2677,3826
12-12-2022 13:35,2670.6,2674.5,8942
12-12-2022 13:30,2673,2671.25,8017
12-12-2022 13:25,2673.75,2673,8262
12-12-2022 13:20,2682,2676.4,12052
12-12-2022 13:15,2691.15,2681.9,8187
12-12-2022 13:10,2692.6,2688.05,9218
12-12-2022 13:05,2695.75,2689.65,7014
12-12-2022 13:00,2695,2696.85,13904
12-12-2022 12:55,2693.65,2694,4055
12-12-2022 12:50,2693.4,2693.35,4002
12-12-2022 12:45,2693.65,2690.35,4379
12-12-2022 12:40,2692.4,2694,4073
12-12-2022 12:35,2693.45,2690.55,6118
12-12-2022 12:30,2693.05,2693.6,5590
12-12-2022 12:25,2689,2690.95,11339
12-12-2022 12:20,2684.8,2689,5698
12-12-2022 12:15,2684.15,2683.1,3635
12-12-2022 12:10,2684.8,2685,5785
12-12-2022 12:05,2683.55,2684.95,4114
12-12-2022 12:00,2680,2683.05,8490
12-12-2022 11:55,2680,2680,3437
12-12-2022 11:50,2678.05,2678.95,4149
12-12-2022 11:45,2674.6,2676.5,3901
12-12-2022 11:40,2678.2,2676.6,4170
12-12-2022 11:35,2677.8,2676.55,3576
12-12-2022 11:30,2678.4,2678,4599
12-12-2022 11:25,2674.35,2680,3617
12-12-2022 11:20,2669.05,2673.55,18714
12-12-2022 11:15,2669.95,2669.95,3305
12-12-2022 11:10,2665.05,2670,4616
12-12-2022 11:05,2664.85,2666,4066
12-12-2022 11:00,2667,2663.25,6017
12-12-2022 10:55,2662.75,2668,57133
12-12-2022 10:50,2657.95,2672,75846
12-12-2022 10:45,2648.95,2657.95,3814
12-12-2022 10:40,2657.95,2650.15,6633
12-12-2022 10:35,2653.85,2656.65,27331
12-12-2022 10:30,2646.3,2654.95,13196
12-12-2022 10:25,2646.5,2648,2466
12-12-2022 10:20,2644.6,2647.95,5333
12-12-2022 10:15,2643.85,2646.55,1631
12-12-2022 10:10,2647.95,2644,3246
12-12-2022 10:05,2650,2646.5,3233
12-12-2022 10:00,2652.15,2650,1053
12-12-2022 09:55,2649.75,2652.15,2363
12-12-2022 09:50,2650,2651.8,4658
12-12-2022 09:45,2654.95,2649.85,4955
12-12-2022 09:40,2655,2655,3854
12-12-2022 09:35,2662.95,2655,9699
12-12-2022 09:30,2631,2661,13073
12-12-2022 09:25,2624.15,2629.4,8868
12-12-2022 09:20,2634.25,2622.9,7111
12-12-2022 09:15,2648,2634.35,19586
12-12-2022 09:05,2646,2646,447
09-12-2022 16:55,2646.4,2646.4,0
09-12-2022 15:50,2646.4,2646.4,10
09-12-2022 15:45,2646.4,2646.4,16
09-12-2022 15:40,2646.4,2646.4,82
09-12-2022 15:25,2636.95,2652,9298
09-12-2022 15:20,2641.9,2635.55,18483
09-12-2022 15:15,2640.8,2642.45,15473
09-12-2022 15:10,2648.2,2640.8,11317
09-12-2022 15:05,2659.45,2647.7,12926
09-12-2022 15:00,2647.45,2658.1,15204
09-12-2022 14:55,2642.1,2647.45,1776
09-12-2022 14:50,2649.3,2642.6,2735
09-12-2022 14:45,2645.4,2648.4,4080
09-12-2022 14:40,2636.45,2645.4,1574
09-12-2022 14:35,2639.8,2636.45,3208
09-12-2022 14:30,2643.05,2638.3,2017
09-12-2022 14:25,2638.95,2641,2798
09-12-2022 14:20,2633.6,2639.65,3848
09-12-2022 14:15,2639.85,2632,2587
09-12-2022 14:10,2640,2637.1,1795
09-12-2022 14:05,2647,2640,2523
09-12-2022 14:00,2653,2646,2279
09-12-2022 13:55,2653.4,2653.75,688
09-12-2022 13:50,2649.05,2653.4,700
09-12-2022 13:45,2646,2649.05,1761
09-12-2022 13:40,2653.5,2646,1654
09-12-2022 13:35,2653,2653.5,779
09-12-2022 13:30,2651.95,2653,5140
09-12-2022 13:25,2646.6,2650.9,2837
09-12-2022 13:20,2648.95,2646.5,544
09-12-2022 13:15,2644.75,2648.95,5517
09-12-2022 13:10,2647.85,2643.65,3037
09-12-2022 13:05,2641.9,2647.85,6187
09-12-2022 13:00,2641.2,2641.95,879
09-12-2022 12:55,2636,2641.25,3351
09-12-2022 12:50,2631.15,2636,3429
09-12-2022 12:45,2633.9,2632.9,4066
09-12-2022 12:40,2639.35,2632.2,2383
09-12-2022 12:35,2635.85,2639.4,4156
09-12-2022 12:30,2646.2,2635.85,3845
09-12-2022 12:25,2647,2645,1202
09-12-2022 12:20,2643.2,2646.55,2370
09-12-2022 12:15,2650,2642,3236
09-12-2022 12:10,2653.35,2651,2839
09-12-2022 12:05,2653.85,2655,1539
09-12-2022 12:00,2654.5,2653.85,634
09-12-2022 11:55,2654.1,2654.45,1797
09-12-2022 11:50,2654.95,2654.8,1990
09-12-2022 11:45,2653.45,2655,768
09-12-2022 11:40,2655,2653.45,1533
09-12-2022 11:35,2652.05,2654.5,5538
09-12-2022 11:30,2653.5,2652.05,2502
09-12-2022 11:25,2655.75,2653.5,3980
09-12-2022 11:20,2656.1,2655.75,2051
09-12-2022 11:15,2662.2,2653.4,4086
09-12-2022 11:10,2662,2661,1018
09-12-2022 11:05,2660.35,2662,1422
09-12-2022 11:00,2661.75,2662.45,1030
09-12-2022 10:55,2660.5,2661.75,1642
09-12-2022 10:50,2665.1,2660.55,1665
09-12-2022 10:45,2661,2662.7,3923
09-12-2022 10:40,2661,2661,2027
09-12-2022 10:35,2660,2661,5382
09-12-2022 10:30,2662.55,2661.05,6068
09-12-2022 10:25,2672,2661.85,9368
09-12-2022 10:20,2674.55,2674.9,2661
09-12-2022 10:15,2673,2676.05,3997
09-12-2022 10:10,2683.2,2673,6804
09-12-2022 10:05,2682.05,2683.2,2813
09-12-2022 10:00,2688.9,2683.55,3537
09-12-2022 09:55,2691.75,2688.9,2315
09-12-2022 09:50,2687.45,2691.8,4518
09-12-2022 09:45,2693.25,2685.25,8740
09-12-2022 09:40,2685.3,2690.5,12012
09-12-2022 09:35,2676.4,2686,8976
09-12-2022 09:30,2685,2676.4,7815
09-12-2022 09:25,2694.45,2686.75,20660
09-12-2022 09:20,2701.95,2693.1,11511
09-12-2022 09:15,2704.85,2701.5,32078
09-12-2022 09:05,2704.9,2704.9,639
08-12-2022 16:55,2691.4,2691.4,0
08-12-2022 15:55,2691.4,2691.4,1
08-12-2022 15:50,2691.4,2691.4,164
08-12-2022 15:45,2691.4,2691.4,9
08-12-2022 15:40,2691.4,2691.4,156
08-12-2022 15:30,2691.4,2691.4,1660
08-12-2022 15:25,2678.15,2693,12474
08-12-2022 15:20,2683.35,2678.15,29443
08-12-2022 15:15,2698,2683.35,26535
08-12-2022 15:10,2697.95,2695.65,14430
08-12-2022 15:05,2705.25,2697.45,29193
08-12-2022 15:00,2706.9,2703.2,11900
08-12-2022 14:55,2708.4,2706.7,7341
08-12-2022 14:50,2708.95,2708.5,2748
08-12-2022 14:45,2708.45,2709.35,2550
08-12-2022 14:40,2707.2,2708.45,2200
08-12-2022 14:35,2708.9,2707.2,7926
08-12-2022 14:30,2708.65,2708.9,4225
08-12-2022 14:25,2710,2708.65,2945
08-12-2022 14:20,2709,2710.55,3597
08-12-2022 14:15,2706.7,2708.9,2732
08-12-2022 14:10,2708,2706.7,3203
08-12-2022 14:05,2711.4,2708,6031
08-12-2022 14:00,2711.9,2710.5,2186
08-12-2022 13:55,2710.6,2711.9,2022
08-12-2022 13:50,2714.3,2710.6,2416
08-12-2022 13:45,2714.8,2714.3,1852
08-12-2022 13:40,2714,2714.65,1743
08-12-2022 13:35,2716.1,2714,2136
08-12-2022 13:30,2717,2716.35,1536
08-12-2022 13:25,2720.9,2717,1309
08-12-2022 13:20,2721.9,2720,1383
08-12-2022 13:15,2720,2720.5,1526
08-12-2022 13:10,2717.8,2719,1310
08-12-2022 13:05,2715.1,2717.8,752
08-12-2022 13:00,2715.85,2714,860
08-12-2022 12:55,2712.65,2717.45,1815
08-12-2022 12:50,2718.35,2713.9,3706
08-12-2022 12:45,2717.3,2717,3886
08-12-2022 12:40,2715.5,2717.45,2452
08-12-2022 12:35,2716.2,2715.5,841
08-12-2022 12:30,2719.5,2716.9,3902
08-12-2022 12:25,2719.75,2717.2,1445
08-12-2022 12:20,2722,2717,2539
08-12-2022 12:15,2721.7,2722,1009
08-12-2022 12:10,2721.3,2721.75,3442
08-12-2022 12:05,2721.35,2720,648
08-12-2022 12:00,2720,2721.45,1001
08-12-2022 11:55,2721.8,2721.5,822
08-12-2022 11:50,2720,2721.8,1421
08-12-2022 11:45,2720,2721,1433
08-12-2022 11:40,2719.25,2720.1,1266
08-12-2022 11:35,2718.75,2718,1812
08-12-2022 11:30,2718.6,2717,2552
08-12-2022 11:25,2724.95,2718.6,11193
08-12-2022 11:20,2725.5,2725,2858
08-12-2022 11:15,2727.6,2727.8,1760
08-12-2022 11:10,2726.5,2726.25,1025
08-12-2022 11:05,2727.5,2726.05,1337
08-12-2022 11:00,2726.75,2727.5,1447
08-12-2022 10:55,2728.6,2726.75,1107
08-12-2022 10:50,2725.25,2728.65,1153
08-12-2022 10:45,2722.8,2726.9,3731
08-12-2022 10:40,2722.7,2724.05,2684
08-12-2022 10:35,2728.15,2722.7,5951
08-12-2022 10:30,2730.05,2728.3,2252
08-12-2022 10:25,2729.8,2731.5,1178
08-12-2022 10:20,2731,2729.85,2978
08-12-2022 10:15,2731.25,2732.15,3117
08-12-2022 10:10,2732.15,2731.25,4419
08-12-2022 10:05,2736.55,2731.25,4174
08-12-2022 10:00,2737.85,2737,4573
08-12-2022 09:55,2742,2737.85,4506
08-12-2022 09:50,2743,2741.85,2831
08-12-2022 09:45,2742.15,2743,10617
08-12-2022 09:40,2728.8,2741.95,7297
08-12-2022 09:35,2732.65,2728.8,4734
08-12-2022 09:30,2731.6,2732.75,6123
08-12-2022 09:25,2731.6,2731.6,5512
08-12-2022 09:20,2737.25,2731.6,12008
08-12-2022 09:15,2755.25,2738.1,23476
08-12-2022 09:05,2755.3,2755.3,272
07-12-2022 16:55,2741.55,2741.55,0
07-12-2022 15:45,2741.55,2741.55,2
07-12-2022 15:40,2741.55,2741.55,46
07-12-2022 15:30,2741.55,2741.55,203
07-12-2022 15:25,2731.55,2742,9099
07-12-2022 15:20,2729.85,2731.55,21278
07-12-2022 15:15,2728.9,2732.75,23774
07-12-2022 15:10,2758.2,2729,25085
07-12-2022 15:05,2759,2755.95,16891
07-12-2022 15:00,2777.55,2759.25,17960
07-12-2022 14:55,2775,2775.7,5197
07-12-2022 14:50,2779,2776.95,10900
07-12-2022 14:45,2767.95,2777.05,9550
07-12-2022 14:40,2766.6,2766.8,2623
07-12-2022 14:35,2770,2766.6,3426
07-12-2022 14:30,2757.9,2769,5746
07-12-2022 14:25,2753.25,2756.75,974
07-12-2022 14:20,2755,2753.35,575
07-12-2022 14:15,2754.8,2754.8,1541
07-12-2022 14:10,2752.4,2752.95,1043
07-12-2022 14:05,2757.85,2752.4,2912
07-12-2022 14:00,2761.8,2756.3,5352
07-12-2022 13:55,2763.6,2761.8,969
07-12-2022 13:50,2763.25,2763.6,251
07-12-2022 13:45,2763.1,2764,382
07-12-2022 13:40,2766.65,2764.65,1109
07-12-2022 13:35,2764.5,2766.7,547
07-12-2022 13:30,2765,2766.6,664
07-12-2022 13:25,2765.95,2763.5,933
07-12-2022 13:20,2764.85,2766,1271
07-12-2022 13:15,2764.4,2764.85,622
07-12-2022 13:10,2765,2764.65,530
07-12-2022 13:05,2765.95,2765,640
07-12-2022 13:00,2764.6,2764.45,428
07-12-2022 12:55,2762.55,2763,519
07-12-2022 12:50,2763.5,2762.55,913
07-12-2022 12:45,2761,2761.9,919
07-12-2022 12:40,2764.1,2764.95,1155
07-12-2022 12:35,2764.9,2763.95,891
07-12-2022 12:30,2762.05,2763.55,538
07-12-2022 12:25,2763.5,2762.05,439
07-12-2022 12:20,2761.45,2763.55,595
07-12-2022 12:15,2763.5,2760.1,352
07-12-2022 12:10,2764.85,2765.35,768
07-12-2022 12:05,2765,2763.55,602
07-12-2022 12:00,2763.45,2765,519
07-12-2022 11:55,2763.1,2762,508
07-12-2022 11:50,2763,2763,1878
07-12-2022 11:45,2764.5,2763,258
07-12-2022 11:40,2763.05,2766.3,852
07-12-2022 11:35,2764.2,2763.05,820
07-12-2022 11:30,2760.95,2763.5,690
07-12-2022 11:25,2761,2760,473
07-12-2022 11:20,2760.95,2761,395
07-12-2022 11:15,2764.35,2760.95,625
07-12-2022 11:10,2761,2763.2,1622
07-12-2022 11:05,2758.95,2760.65,1940
07-12-2022 11:00,2762.1,2758.95,1350
07-12-2022 10:55,2758,2761.6,3012
07-12-2022 10:50,2760.5,2758,4430
07-12-2022 10:45,2762.7,2760.5,2351
07-12-2022 10:40,2766.75,2762.8,3365
07-12-2022 10:35,2767.7,2766.75,1719
07-12-2022 10:30,2768.8,2767.7,1415
07-12-2022 10:25,2768.25,2767.3,2040
07-12-2022 10:20,2769,2768.3,2027
07-12-2022 10:15,2777.6,2770,3343
07-12-2022 10:10,2777,2776.1,5811
07-12-2022 10:05,2764,2774.55,5553
07-12-2022 10:00,2761.15,2764.55,5780
07-12-2022 09:55,2762.7,2761.15,5972
07-12-2022 09:50,2768,2762,3025
07-12-2022 09:45,2761.05,2768.05,8040
07-12-2022 09:40,2769.9,2761,12585
07-12-2022 09:35,2783.45,2767.95,17826
07-12-2022 09:30,2786.95,2784.35,5276
07-12-2022 09:25,2783.9,2787.15,7394
07-12-2022 09:20,2797.85,2781.3,14485
07-12-2022 09:15,2782,2798,36317
07-12-2022 09:05,2782,2782,667
06-12-2022 16:55,2773,2773,0
06-12-2022 15:55,2773,2773,2
06-12-2022 15:45,2773,2773,3
06-12-2022 15:40,2773,2773,157
06-12-2022 15:30,2773,2773,28
06-12-2022 15:25,2779,2779.9,13980
06-12-2022 15:20,2774,2779,22133
06-12-2022 15:15,2770.9,2773.6,19249
06-12-2022 15:10,2777.7,2769.1,18921
06-12-2022 15:05,2767.85,2777.7,24396
06-12-2022 15:00,2753,2769,34912
06-12-2022 14:55,2754.55,2752.75,2784
06-12-2022 14:50,2756.5,2753,4389
06-12-2022 14:45,2755.5,2758,2558
06-12-2022 14:40,2761,2755.5,3606
06-12-2022 14:35,2760,2760.85,1210
06-12-2022 14:30,2761.9,2758.8,1415
06-12-2022 14:25,2758.75,2760.5,1760
06-12-2022 14:20,2759.8,2758,1720
06-12-2022 14:15,2760.7,2760.8,1048
06-12-2022 14:10,2758.9,2758.3,2245
06-12-2022 14:05,2758.9,2757.7,1163
06-12-2022 14:00,2758.35,2757.6,4967
06-12-2022 13:55,2761.95,2759,1839
06-12-2022 13:50,2765.1,2761.95,3186
06-12-2022 13:45,2765,2765.1,3313
06-12-2022 13:40,2767.85,2765,2489
06-12-2022 13:35,2758.2,2767.5,9459
06-12-2022 13:30,2756.85,2759.9,2240
06-12-2022 13:25,2760,2756.85,1198
06-12-2022 13:20,2760.7,2760,1032
06-12-2022 13:15,2758.9,2759.55,1597
06-12-2022 13:10,2758.4,2757.45,744
06-12-2022 13:05,2759.4,2757.7,1549
06-12-2022 13:00,2756,2759.4,4929
06-12-2022 12:55,2757,2756,2032
06-12-2022 12:50,2752.35,2756.85,2735
06-12-2022 12:45,2754.95,2751.5,1784
06-12-2022 12:40,2753.65,2754,4949
06-12-2022 12:35,2758,2754.5,1355
06-12-2022 12:30,2757.1,2758,1218
06-12-2022 12:25,2759.5,2758.7,1083
06-12-2022 12:20,2760.45,2759.5,735
06-12-2022 12:15,2759.25,2758,1314
06-12-2022 12:10,2756.3,2759.4,1419
06-12-2022 12:05,2762.95,2756.05,2299
06-12-2022 12:00,2757.7,2762.95,4419
06-12-2022 11:55,2753.35,2757.55,2075
06-12-2022 11:50,2753.35,2754,2021
06-12-2022 11:45,2753.1,2755,1518
06-12-2022 11:40,2755.9,2753,2103
06-12-2022 11:35,2760.95,2758,3048
06-12-2022 11:30,2759.7,2759.35,3823
06-12-2022 11:25,2753,2757.8,7690
06-12-2022 11:20,2751.85,2752.95,5443
06-12-2022 11:15,2745.85,2751.9,3103
06-12-2022 11:10,2752,2744.3,10344
06-12-2022 11:05,2753,2752.05,3862
06-12-2022 11:00,2754.55,2754.5,4026
06-12-2022 10:55,2758.05,2755.9,6075
06-12-2022 10:50,2763.6,2759,3305
06-12-2022 10:45,2762,2763.6,2637
06-12-2022 10:40,2763.05,2763.65,6955
06-12-2022 10:35,2763.1,2764.95,2789
06-12-2022 10:30,2765.9,2762.85,6402
06-12-2022 10:25,2763,2765.6,10815
06-12-2022 10:20,2762.5,2762,5223
06-12-2022 10:15,2765.15,2760.75,8329
06-12-2022 10:10,2757,2766,14178
06-12-2022 10:05,2747,2757.05,9592
06-12-2022 10:00,2754.15,2746.2,11247
06-12-2022 09:55,2763.85,2754.7,6664
06-12-2022 09:50,2762.7,2764,8556
06-12-2022 09:45,2756,2760.35,10086
06-12-2022 09:40,2758,2755.8,21291
06-12-2022 09:35,2757.85,2756.2,14050
06-12-2022 09:30,2779.95,2756.3,33432
06-12-2022 09:25,2750.3,2778.9,52154
06-12-2022 09:20,2747.2,2751,22689
06-12-2022 09:15,2726,2747.65,41614
06-12-2022 09:05,2725,2725,755
05-12-2022 16:55,2716.15,2716.15,0
05-12-2022 15:50,2716.15,2716.15,110
05-12-2022 15:45,2716.15,2716.15,76
05-12-2022 15:40,2716.15,2716.15,36
05-12-2022 15:30,2716.15,2716.15,1
05-12-2022 15:25,2709.85,2711,11746
05-12-2022 15:20,2709,2709.9,23992
05-12-2022 15:15,2719.2,2708.95,21156
05-12-2022 15:10,2719.75,2719.15,10553
05-12-2022 15:05,2724.45,2719.4,13259
05-12-2022 15:00,2715.3,2723,29630
05-12-2022 14:55,2712,2716.9,4801
05-12-2022 14:50,2712.8,2712,4515
05-12-2022 14:45,2713.65,2712.8,5499
05-12-2022 14:40,2717.55,2713.65,1827
05-12-2022 14:35,2717.6,2716.05,2677
05-12-2022 14:30,2722.8,2718.95,5563
05-12-2022 14:25,2716,2721.95,2899
05-12-2022 14:20,2717,2716,5347
05-12-2022 14:15,2718.85,2715.8,2744
05-12-2022 14:10,2719.05,2719,4142
05-12-2022 14:05,2714.1,2719.15,5044
05-12-2022 14:00,2712.85,2713.3,1732
05-12-2022 13:55,2713.1,2712.85,1151
05-12-2022 13:50,2711.1,2713.2,1276
05-12-2022 13:45,2711.8,2712.5,1096
05-12-2022 13:40,2712.7,2711.8,1791
05-12-2022 13:35,2710,2712.65,1760
05-12-2022 13:30,2709.05,2709.55,1316
05-12-2022 13:25,2712,2710.4,1958
05-12-2022 13:20,2711.8,2713.05,1507
05-12-2022 13:15,2708.7,2711.1,1755
05-12-2022 13:10,2709.25,2708.7,1315
05-12-2022 13:05,2712,2709.25,2042
05-12-2022 13:00,2712.5,2712,2417
05-12-2022 12:55,2714,2711.05,2638
05-12-2022 12:50,2711.75,2713,1470
05-12-2022 12:45,2712.85,2713,1842
05-12-2022 12:40,2712.25,2711.35,2812
05-12-2022 12:35,2714.5,2713.05,2170
05-12-2022 12:30,2715.35,2714.5,1624
05-12-2022 12:25,2715.35,2716.2,5609
05-12-2022 12:20,2709.65,2713.05,3860
05-12-2022 12:15,2709.2,2709.6,695
05-12-2022 12:10,2707.95,2709.45,2685
05-12-2022 12:05,2709.95,2707.1,2376
05-12-2022 12:00,2708,2709.95,1994
05-12-2022 11:55,2706.8,2707,2500
05-12-2022 11:50,2705.7,2706.75,2152
05-12-2022 11:45,2708.6,2704.05,2716
05-12-2022 11:40,2708.9,2708.6,955
05-12-2022 11:35,2710,2708.1,2776
05-12-2022 11:30,2708.1,2710.55,1234
05-12-2022 11:25,2708.35,2708.1,5278
05-12-2022 11:20,2707.2,2708.35,13025
05-12-2022 11:15,2709.2,2708.85,6100
05-12-2022 11:10,2711.15,2709.1,2175
05-12-2022 11:05,2713.15,2711.25,1409
05-12-2022 11:00,2711.3,2712.2,1567
05-12-2022 10:55,2708,2711.3,4840
05-12-2022 10:50,2712.3,2709,3854
05-12-2022 10:45,2712.95,2712.3,2669
05-12-2022 10:40,2718,2712.15,5036
05-12-2022 10:35,2718,2718,2177
05-12-2022 10:30,2715.5,2717.5,1585
05-12-2022 10:25,2719.05,2715.5,2374
05-12-2022 10:20,2718.35,2720.9,3355
05-12-2022 10:15,2715.2,2720.85,6529
05-12-2022 10:10,2719.7,2716.85,6019
05-12-2022 10:05,2714,2720.8,8276
05-12-2022 10:00,2712.35,2714,6172
05-12-2022 09:55,2707,2712.3,9026
05-12-2022 09:50,2723,2708.25,8057
05-12-2022 09:45,2721.15,2720.65,10477
05-12-2022 09:40,2733.1,2723.6,12153
05-12-2022 09:35,2730,2733.4,6739
05-12-2022 09:30,2733.95,2732.6,10360
05-12-2022 09:25,2750.05,2733.9,15298
05-12-2022 09:20,2757.05,2751.65,7100
05-12-2022 09:15,2765,2753.5,30772
05-12-2022 09:05,2760,2760,1745
02-12-2022 16:55,2745.7,2745.7,0
02-12-2022 15:55,2745.7,2745.7,6
02-12-2022 15:50,2745.7,2745.7,44
02-12-2022 15:45,2745.7,2745.7,3
02-12-2022 15:40,2745.7,2745.7,93
02-12-2022 15:30,2745.7,2745.7,3
02-12-2022 15:25,2737.1,2745,12566
02-12-2022 15:20,2739.4,2737.9,38961
02-12-2022 15:15,2750,2737.2,33611
02-12-2022 15:10,2754.3,2750.85,15855
02-12-2022 15:05,2750.4,2753.65,19088
02-12-2022 15:00,2752.7,2750,23182
02-12-2022 14:55,2752.05,2749.55,9594
02-12-2022 14:50,2756,2752.05,19031
02-12-2022 14:45,2744.15,2756,12937
02-12-2022 14:40,2746.9,2744.15,6130
02-12-2022 14:35,2745.75,2746.2,10066
02-12-2022 14:30,2752.85,2745.3,5622
02-12-2022 14:25,2754.4,2754.45,4619
02-12-2022 14:20,2753.95,2754.4,13611
02-12-2022 14:15,2751,2753.95,28698
02-12-2022 14:10,2748.8,2751,6212
02-12-2022 14:05,2749.45,2748.8,5366
02-12-2022 14:00,2748.9,2749.6,2410
02-12-2022 13:55,2749.5,2748.9,4740
02-12-2022 13:50,2747,2750,8007
02-12-2022 13:45,2746.95,2745.45,1971
02-12-2022 13:40,2743,2746,7750
02-12-2022 13:35,2744.4,2743,2801
02-12-2022 13:30,2742,2744.4,9470
02-12-2022 13:25,2744.15,2742.65,3111
02-12-2022 13:20,2744.7,2745,4701
02-12-2022 13:15,2744.9,2744.7,2405
02-12-2022 13:10,2742.6,2744.8,2517
02-12-2022 13:05,2747.25,2742.65,4968
02-12-2022 13:00,2746.35,2747.05,5596
02-12-2022 12:55,2748.6,2747.5,6466
02-12-2022 12:50,2745.2,2748.6,7179
02-12-2022 12:45,2742.4,2745.2,21651
02-12-2022 12:40,2735,2742,9158
02-12-2022 12:35,2741.65,2736.1,8417
02-12-2022 12:30,2742.95,2742.4,5502
02-12-2022 12:25,2743.55,2741.35,11265
02-12-2022 12:20,2742,2742.95,6548
02-12-2022 12:15,2738.35,2742.05,6817
02-12-2022 12:10,2736,2738.3,6187
02-12-2022 12:05,2735,2737.2,5882
02-12-2022 12:00,2737,2735.65,11982
02-12-2022 11:55,2739.8,2737,7810
02-12-2022 11:50,2737,2739.8,8727
02-12-2022 11:45,2744.85,2738.95,6302
02-12-2022 11:40,2745.3,2743.75,4923
02-12-2022 11:35,2746.5,2745.85,4083
02-12-2022 11:30,2744,2745,4128
02-12-2022 11:25,2748.35,2744.75,4587
02-12-2022 11:20,2748.4,2748.35,5989
02-12-2022 11:15,2746.45,2748.4,3537
02-12-2022 11:10,2747.95,2746,4153
02-12-2022 11:05,2744.95,2747.95,3593
02-12-2022 11:00,2747.4,2744.95,11940
02-12-2022 10:55,2747.5,2745.6,7584
02-12-2022 10:50,2746.35,2747.5,3631
02-12-2022 10:45,2747,2746.25,11085
02-12-2022 10:40,2747.3,2747.3,4188
02-12-2022 10:35,2748.9,2747.3,7420
02-12-2022 10:30,2746,2748.9,6567
02-12-2022 10:25,2739.95,2746,5389
02-12-2022 10:20,2747,2739.25,13114
02-12-2022 10:15,2746.95,2747,5868
02-12-2022 10:10,2747.5,2746,6973
02-12-2022 10:05,2748.3,2747.5,26446
02-12-2022 10:00,2739.95,2749.45,41683
02-12-2022 09:55,2748.1,2740,28941
02-12-2022 09:50,2763.8,2748.4,38145
02-12-2022 09:45,2763.95,2763.8,12823
02-12-2022 09:40,2773.9,2764.5,16617
02-12-2022 09:35,2775,2773.9,11428
02-12-2022 09:30,2782.1,2773.75,16438
02-12-2022 09:25,2774,2782.05,20790
02-12-2022 09:20,2788.9,2774,42751
02-12-2022 09:15,2842.1,2787.2,48903
02-12-2022 09:05,2849.95,2849.95,1306
01-12-2022 16:55,2834.25,2834.25,0
01-12-2022 15:55,2834.25,2834.25,5
01-12-2022 15:50,2834.25,2834.25,6
01-12-2022 15:45,2834.25,2834.25,39
01-12-2022 15:40,2834.25,2834.25,40
01-12-2022 15:30,2834.25,2834.25,18
01-12-2022 15:25,2809.9,2828.8,16391
01-12-2022 15:20,2821.05,2813.75,47517
01-12-2022 15:15,2842.6,2820.65,33067
01-12-2022 15:10,2827.3,2842.6,47076
01-12-2022 15:05,2853,2828.9,39046
01-12-2022 15:00,2874.85,2855.1,31980
01-12-2022 14:55,2882.4,2876.5,10629
01-12-2022 14:50,2873,2882.4,25962
01-12-2022 14:45,2869.1,2874.1,4498
01-12-2022 14:40,2868.3,2869.1,4078
01-12-2022 14:35,2874.4,2869.8,4545
01-12-2022 14:30,2871.8,2874.4,3637
01-12-2022 14:25,2867,2873,9500
01-12-2022 14:20,2871.2,2864.05,6430
01-12-2022 14:15,2872,2871.95,4921
01-12-2022 14:10,2873.1,2872.45,2630
01-12-2022 14:05,2876,2873.1,2764
01-12-2022 14:00,2869.9,2876,2872
01-12-2022 13:55,2875,2872.35,3453
01-12-2022 13:50,2878.7,2876.5,2687
01-12-2022 13:45,2879.95,2877.15,6583
01-12-2022 13:40,2868.05,2880,7936
01-12-2022 13:35,2872.75,2869.85,5541
01-12-2022 13:30,2872.95,2873,3615
01-12-2022 13:25,2875.4,2872.95,7564
01-12-2022 13:20,2879.9,2875.85,5218
01-12-2022 13:15,2878.65,2879.45,2259
01-12-2022 13:10,2879.5,2879.8,6776
01-12-2022 13:05,2883.9,2881.25,2278
01-12-2022 13:00,2883.9,2883.9,3841
01-12-2022 12:55,2880.25,2883.9,4496
01-12-2022 12:50,2886.8,2880.3,3945
01-12-2022 12:45,2887.6,2886.8,1866
01-12-2022 12:40,2887.75,2887.7,2088
01-12-2022 12:35,2889.4,2886.7,2340
01-12-2022 12:30,2889.25,2889.4,3160
01-12-2022 12:25,2896.05,2891,4475
01-12-2022 12:20,2901.75,2895,3355
01-12-2022 12:15,2892.65,2901,8025
01-12-2022 12:10,2901.5,2890.2,13606
01-12-2022 12:05,2877.45,2902.25,21584
01-12-2022 12:00,2872,2874.05,10566
01-12-2022 11:55,2871,2872.15,11588
01-12-2022 11:50,2881.8,2871,9114
01-12-2022 11:45,2883.5,2883.65,5163
01-12-2022 11:40,2890.45,2882,8340
01-12-2022 11:35,2885.3,2892.65,9463
01-12-2022 11:30,2895.7,2886.95,14506
01-12-2022 11:25,2901,2895.75,6793
01-12-2022 11:20,2899,2900.1,6217
01-12-2022 11:15,2909,2897.75,12146
01-12-2022 11:10,2911.35,2909,3144
01-12-2022 11:05,2910.65,2911.35,2716
01-12-2022 11:00,2911.65,2910.65,5888
01-12-2022 10:55,2913.5,2910.15,3197
01-12-2022 10:50,2912.9,2913.5,2934
01-12-2022 10:45,2909.55,2912.9,5851
01-12-2022 10:40,2912.5,2910.85,6943
01-12-2022 10:35,2909,2912.5,70518
01-12-2022 10:30,2908.7,2909,9198
01-12-2022 10:25,2914.05,2910,29015
01-12-2022 10:20,2924.75,2917.35,4354
01-12-2022 10:15,2916.15,2924.75,12627
01-12-2022 10:10,2914.7,2915.5,7117
01-12-2022 10:05,2907,2912.7,13506
01-12-2022 10:00,2917.1,2912,5645
01-12-2022 09:55,2916.9,2918,6836
01-12-2022 09:50,2918.7,2916.95,12647
01-12-2022 09:45,2930.4,2918.8,18272
01-12-2022 09:40,2927.5,2930.4,7513
01-12-2022 09:35,2932.8,2926,12354
01-12-2022 09:30,2921.7,2932.8,15849
01-12-2022 09:25,2938.25,2920,29151
01-12-2022 09:20,2940.4,2936.1,26620
01-12-2022 09:15,2980.75,2940.1,71010
01-12-2022 09:05,2971.6,2971.6,3522
30-11-2022 16:55,2908.5,2908.5,0
30-11-2022 15:55,2908.5,2908.5,5
30-11-2022 15:50,2908.5,2908.5,1
30-11-2022 15:45,2908.5,2908.5,1
30-11-2022 15:40,2908.5,2908.5,11
30-11-2022 15:30,2908.5,2908.5,15
30-11-2022 15:25,2959.95,2950,67465
30-11-2022 15:20,2965,2959.95,133462
30-11-2022 15:15,2913.3,2962.6,155181
30-11-2022 15:10,2887.35,2911.45,191063
30-11-2022 15:05,2866.75,2888.4,171190
30-11-2022 15:00,2848.2,2869.95,206999
30-11-2022 14:55,2846.5,2845.35,15086
30-11-2022 14:50,2846,2845,19634
30-11-2022 14:45,2843.55,2845,24236
30-11-2022 14:40,2845.1,2842,18722
30-11-2022 14:35,2839.8,2845.1,23737
30-11-2022 14:30,2838.4,2839.8,25493
30-11-2022 14:25,2826.4,2839.55,23991
30-11-2022 14:20,2826.65,2826.3,13336
30-11-2022 14:15,2824.05,2826.25,22071
30-11-2022 14:10,2820.05,2825,10995
30-11-2022 14:05,2820.3,2820.05,2013
30-11-2022 14:00,2820.15,2820.15,2312
30-11-2022 13:55,2817.5,2820.15,5538
30-11-2022 13:50,2808.05,2817.6,3708
30-11-2022 13:45,2814,2808.3,7910
30-11-2022 13:40,2816.65,2814,1928
30-11-2022 13:35,2816.5,2816.65,1377
30-11-2022 13:30,2820.2,2816.9,1564
30-11-2022 13:25,2821.15,2820.45,1801
30-11-2022 13:20,2818.8,2821.15,2521
30-11-2022 13:15,2821.55,2818.55,6926
30-11-2022 13:10,2821.35,2821.55,4331
30-11-2022 13:05,2821.25,2820.1,4699
30-11-2022 13:00,2819.1,2821.25,6914
30-11-2022 12:55,2817.65,2819.1,4718
30-11-2022 12:50,2818.15,2817.65,1441
30-11-2022 12:45,2816.2,2818.5,4057
30-11-2022 12:40,2817.15,2816.35,3306
30-11-2022 12:35,2817,2817.15,1675
30-11-2022 12:30,2813.7,2817,2388
30-11-2022 12:25,2814.6,2812.1,4771
30-11-2022 12:20,2816.95,2814.6,3037
30-11-2022 12:15,2817.75,2816.95,1465
30-11-2022 12:10,2817.95,2817.75,2965
30-11-2022 12:05,2818.2,2816.25,2852
30-11-2022 12:00,2820.05,2818.2,5097
30-11-2022 11:55,2820.3,2821.4,1375
30-11-2022 11:50,2820.25,2820.25,883
30-11-2022 11:45,2822.95,2820.25,2017
30-11-2022 11:40,2821.2,2822.9,1921
30-11-2022 11:35,2821.4,2821.2,3978
30-11-2022 11:30,2819.3,2821.35,1741
30-11-2022 11:25,2821.55,2819.3,2696
30-11-2022 11:20,2825,2821.55,5440
30-11-2022 11:15,2818.9,2825,5234
30-11-2022 11:10,2817.05,2817.15,1843
30-11-2022 11:05,2820,2816.9,3498
30-11-2022 11:00,2816.25,2818.85,2764
30-11-2022 10:55,2817,2817.5,7682
30-11-2022 10:50,2812,2817,7322
30-11-2022 10:45,2814,2812,3891
30-11-2022 10:40,2812,2814.85,5278
30-11-2022 10:35,2812.6,2812,3442
30-11-2022 10:30,2813.9,2811,3153
30-11-2022 10:25,2811,2810.5,2955
30-11-2022 10:20,2810.1,2811.2,2616
30-11-2022 10:15,2817.65,2810.5,4438
30-11-2022 10:10,2815.5,2816.05,3509
30-11-2022 10:05,2819,2815.6,9860
30-11-2022 10:00,2801.35,2819,14158
30-11-2022 09:55,2804.2,2802,5478
30-11-2022 09:50,2810,2804.2,8528
30-11-2022 09:45,2801.45,2811,17621
30-11-2022 09:40,2815,2802,22286
30-11-2022 09:35,2832,2814.3,23279
30-11-2022 09:30,2838.2,2833.5,19861
30-11-2022 09:25,2847.75,2838.2,31403
30-11-2022 09:20,2862.9,2852,28225
30-11-2022 09:15,2821.95,2862.85,57973
30-11-2022 09:05,2819.2,2819.2,872
29-11-2022 16:55,2782.7,2782.7,0
29-11-2022 15:55,2782.7,2782.7,20
29-11-2022 15:50,2782.7,2782.7,33
29-11-2022 15:30,2782.7,2782.7,3
29-11-2022 15:25,2778,2790,11419
29-11-2022 15:20,2776.1,2777.6,23241
29-11-2022 15:15,2782,2776.05,34189
29-11-2022 15:10,2782,2781.95,13781
29-11-2022 15:05,2780,2782,12886
29-11-2022 15:00,2775.8,2780,12361
29-11-2022 14:55,2771,2775.15,10363
29-11-2022 14:50,2772,2771,3267
29-11-2022 14:45,2773,2772,4617
29-11-2022 14:40,2773.05,2772.8,3409
29-11-2022 14:35,2776.2,2773.05,5618
29-11-2022 14:30,2774.85,2776.35,6040
29-11-2022 14:25,2773.5,2775,3546
29-11-2022 14:20,2782,2773,7859
29-11-2022 14:15,2781.25,2782,5668
29-11-2022 14:10,2781,2779.3,7534
29-11-2022 14:05,2773.05,2781,12875
29-11-2022 14:00,2773.95,2773.05,2990
29-11-2022 13:55,2772.65,2772.2,1903
29-11-2022 13:50,2770,2772.65,2104
29-11-2022 13:45,2769.2,2773.4,6534
29-11-2022 13:40,2769,2770,3235
29-11-2022 13:35,2768.75,2767.45,3576
29-11-2022 13:30,2768.1,2767.15,3240
29-11-2022 13:25,2770,2769.55,5599
29-11-2022 13:20,2773.6,2769,9758
29-11-2022 13:15,2774,2773.55,2929
29-11-2022 13:10,2773.1,2774.7,3441
29-11-2022 13:05,2772.15,2774.15,6037
29-11-2022 13:00,2773.95,2773.95,2478
29-11-2022 12:55,2773.45,2773.9,5253
29-11-2022 12:50,2773,2771.25,2011
29-11-2022 12:45,2773,2772,3327
29-11-2022 12:40,2773,2773,2027
29-11-2022 12:35,2773.95,2773.05,1811
29-11-2022 12:30,2772.95,2773.95,2160
29-11-2022 12:25,2771.95,2772.95,3108
29-11-2022 12:20,2772,2771.95,2587
29-11-2022 12:15,2772,2770.6,3118
29-11-2022 12:10,2773,2772,3306
29-11-2022 12:05,2773.4,2772.55,2222
29-11-2022 12:00,2768.3,2773.25,4132
29-11-2022 11:55,2768.05,2769.5,5484
29-11-2022 11:50,2773.1,2768.05,2065
29-11-2022 11:45,2773.5,2771.75,6644
29-11-2022 11:40,2767.55,2772.05,4880
29-11-2022 11:35,2763,2767.1,3266
29-11-2022 11:30,2768.9,2765.4,7628
29-11-2022 11:25,2772.45,2769.8,10629
29-11-2022 11:20,2773.55,2772.45,3302
29-11-2022 11:15,2775,2773.55,7794
29-11-2022 11:10,2772.05,2775.5,8117
29-11-2022 11:05,2768.65,2773.95,4795
29-11-2022 11:00,2767.8,2768,6923
29-11-2022 10:55,2772.95,2766,8404
29-11-2022 10:50,2769.95,2774.95,14811
29-11-2022 10:45,2769.45,2769.95,6699
29-11-2022 10:40,2754.1,2767.15,16724
29-11-2022 10:35,2763.3,2755,13043
29-11-2022 10:30,2768.7,2763.7,14062
29-11-2022 10:25,2771.9,2768.7,10359
29-11-2022 10:20,2777.65,2773.55,9952
29-11-2022 10:15,2775,2775.35,11897
29-11-2022 10:10,2785,2775,14611
29-11-2022 10:05,2783.4,2785.75,17289
29-11-2022 10:00,2794,2783.1,17615
29-11-2022 09:55,2792.2,2794,8605
29-11-2022 09:50,2785.7,2792.2,13738
29-11-2022 09:45,2805,2786.3,17809
29-11-2022 09:40,2793.6,2802,17430
29-11-2022 09:35,2803.6,2793.6,26482
29-11-2022 09:30,2805,2803.6,39944
29-11-2022 09:25,2792.1,2805,39966
29-11-2022 09:20,2792,2794.25,34309
29-11-2022 09:15,2714.75,2790,40462
29-11-2022 09:05,2716,2716,631
28-11-2022 16:55,2716.15,2716.15,0
28-11-2022 15:55,2716.15,2716.15,1
28-11-2022 15:50,2716.15,2716.15,2
28-11-2022 15:45,2716.15,2716.15,19
28-11-2022 15:40,2716.15,2716.15,26
28-11-2022 15:25,2708,2715,9989
28-11-2022 15:20,2712.45,2708.85,15131
28-11-2022 15:15,2716.95,2712,13483
28-11-2022 15:10,2715.95,2715.3,14294
28-11-2022 15:05,2725.05,2715.8,15799
28-11-2022 15:00,2728.75,2725,12704
28-11-2022 14:55,2726.35,2729.4,7347
28-11-2022 14:50,2747.5,2726.35,18994
28-11-2022 14:45,2745.55,2747.5,2127
28-11-2022 14:40,2744.95,2746.9,3908
28-11-2022 14:35,2748,2742.6,3560
28-11-2022 14:30,2744.15,2748.15,4832
28-11-2022 14:25,2742.95,2745.75,7655
28-11-2022 14:20,2743.7,2742.3,1811
28-11-2022 14:15,2740.55,2742.8,3044
28-11-2022 14:10,2745.05,2741.15,1910
28-11-2022 14:05,2747,2745.05,4312
28-11-2022 14:00,2744,2746,2023
28-11-2022 13:55,2743.75,2744,1345
28-11-2022 13:50,2742.35,2743.9,2286
28-11-2022 13:45,2744.95,2742.05,820
28-11-2022 13:40,2743.05,2744.65,4248
28-11-2022 13:35,2743.35,2743.05,1153
28-11-2022 13:30,2742.2,2742.6,2856
28-11-2022 13:25,2744.5,2743.35,1720
28-11-2022 13:20,2741.8,2744.5,1257
28-11-2022 13:15,2744.95,2741.65,2136
28-11-2022 13:10,2743.4,2744.65,3481
28-11-2022 13:05,2743.95,2742.05,54230
28-11-2022 13:00,2741.7,2742.3,3297
28-11-2022 12:55,2742.4,2741.7,1748
28-11-2022 12:50,2742.9,2741.4,3128
28-11-2022 12:45,2740.9,2741.2,1303
28-11-2022 12:40,2741.95,2740.1,3211
28-11-2022 12:35,2741.75,2741.95,1341
28-11-2022 12:30,2748,2741,2330
28-11-2022 12:25,2740.5,2748,48801
28-11-2022 12:20,2745.75,2741.65,3504
28-11-2022 12:15,2752.9,2746.5,8258
28-11-2022 12:10,2756.5,2751.2,7135
28-11-2022 12:05,2755,2756.45,4606
28-11-2022 12:00,2756.05,2755.5,5958
28-11-2022 11:55,2751.8,2756.05,8706
28-11-2022 11:50,2750.95,2752.3,3514
28-11-2022 11:45,2747,2749.95,2884
28-11-2022 11:40,2747.95,2747,2600
28-11-2022 11:35,2750.85,2747.95,3631
28-11-2022 11:30,2752.3,2751.8,3063
28-11-2022 11:25,2753,2753,2611
28-11-2022 11:20,2744.75,2751.65,12662
28-11-2022 11:15,2743.6,2744.7,3054
28-11-2022 11:10,2742.1,2743.55,1610
28-11-2022 11:05,2741.1,2742.45,50441
28-11-2022 11:00,2743,2743.65,4249
28-11-2022 10:55,2747.15,2743,3568
28-11-2022 10:50,2750,2747.15,72663
28-11-2022 10:45,2742.3,2751.7,11758
28-11-2022 10:40,2739.9,2742.25,6017
28-11-2022 10:35,2736.9,2740,5797
28-11-2022 10:30,2740,2738,12764
28-11-2022 10:25,2758.6,2740.7,8736
28-11-2022 10:20,2759.2,2757.2,15929
28-11-2022 10:15,2724.95,2760,28812
28-11-2022 10:10,2712.55,2724.15,9598
28-11-2022 10:05,2711.2,2714.2,5837
28-11-2022 10:00,2713.1,2709.7,6520
28-11-2022 09:55,2714.45,2713.1,3453
28-11-2022 09:50,2715.35,2714.45,6438
28-11-2022 09:45,2709.75,2714.4,9961
28-11-2022 09:40,2714.95,2709.6,13554
28-11-2022 09:35,2716.95,2713.75,8472
28-11-2022 09:30,2717.4,2715.1,13430
28-11-2022 09:25,2731,2719.35,11881
28-11-2022 09:20,2723,2731,13251
28-11-2022 09:15,2741.05,2721.95,36183
28-11-2022 09:05,2741,2741,1643
25-11-2022 16:50,2739.6,2739.6,0
25-11-2022 15:55,2739.6,2739.6,23
25-11-2022 15:45,2739.6,2739.6,45
25-11-2022 15:40,2739.6,2739.6,63
25-11-2022 15:30,2739.6,2739.6,5
25-11-2022 15:25,2741.95,2744,8456
25-11-2022 15:20,2738.1,2739.95,18051
25-11-2022 15:15,2739.95,2739.65,15924
25-11-2022 15:10,2738.05,2740,12245
25-11-2022 15:05,2735,2739.25,11364
25-11-2022 15:00,2732.55,2735,7546
25-11-2022 14:55,2730.1,2734.25,6193
25-11-2022 14:50,2728.1,2731.15,3221
25-11-2022 14:45,2732.7,2728,4359
25-11-2022 14:40,2731,2731.5,3592
25-11-2022 14:35,2730.7,2732.15,1909
25-11-2022 14:30,2732.5,2730.6,3424
25-11-2022 14:25,2732.25,2733,1569
25-11-2022 14:20,2730.5,2730,3450
25-11-2022 14:15,2733.85,2731.8,6471
25-11-2022 14:10,2739.4,2733.1,2973
25-11-2022 14:05,2743.3,2739.25,36883
25-11-2022 14:00,2738.65,2743.3,2872
25-11-2022 13:55,2739,2737.35,711
25-11-2022 13:50,2740.8,2739,1953
25-11-2022 13:45,2742.9,2740.75,2349
25-11-2022 13:40,2738.95,2742.95,6980
25-11-2022 13:35,2738.3,2737,1874
25-11-2022 13:30,2738.35,2737.2,1291
25-11-2022 13:25,2737,2736.75,1877
25-11-2022 13:20,2736.9,2735.8,3822
25-11-2022 13:15,2732,2735.65,2049
25-11-2022 13:10,2731.55,2732.2,1708
25-11-2022 13:05,2732.95,2731.55,3715
25-11-2022 13:00,2727.5,2732.95,5001
25-11-2022 12:55,2735.45,2728.1,8843
25-11-2022 12:50,2739,2735.4,28732
25-11-2022 12:45,2739,2739.75,1789
25-11-2022 12:40,2739.95,2739,2158
25-11-2022 12:35,2741.8,2739.95,3661
25-11-2022 12:30,2738.9,2741.8,3292
25-11-2022 12:25,2738.35,2738.9,1148
25-11-2022 12:20,2743.2,2738.35,1890
25-11-2022 12:15,2740,2741.15,2423
25-11-2022 12:10,2740,2740.9,1549
25-11-2022 12:05,2741,2740,1855
25-11-2022 12:00,2736.05,2741.15,2336
25-11-2022 11:55,2743,2736.6,4552
25-11-2022 11:50,2744.35,2743,1369
25-11-2022 11:45,2741.9,2742.55,2416
25-11-2022 11:40,2742,2741.05,2434
25-11-2022 11:35,2739.65,2742.3,2317
25-11-2022 11:30,2735,2740,2586
25-11-2022 11:25,2741.8,2734.95,6576
25-11-2022 11:20,2737.7,2741.85,8002
25-11-2022 11:15,2738.25,2739.65,2474
25-11-2022 11:10,2743.35,2740,22070
25-11-2022 11:05,2738.95,2743.45,2562
25-11-2022 11:00,2738.35,2738.95,42467
25-11-2022 10:55,2744,2738.4,37511
25-11-2022 10:50,2744.55,2745.15,4476
25-11-2022 10:45,2750,2744.55,5869
25-11-2022 10:40,2750.5,2750,3796
25-11-2022 10:35,2753.7,2752.1,2014
25-11-2022 10:30,2753.3,2753.7,2247
25-11-2022 10:25,2748.8,2752.1,2953
25-11-2022 10:20,2748.9,2751.4,7983
25-11-2022 10:15,2753.9,2749.95,4203
25-11-2022 10:10,2748.15,2752.4,4810
25-11-2022 10:05,2737.05,2748.15,3687
25-11-2022 10:00,2747.15,2740,7689
25-11-2022 09:55,2752.1,2749.1,6065
25-11-2022 09:50,2755.5,2752.55,12105
25-11-2022 09:45,2758.85,2756,3957
25-11-2022 09:40,2769,2758.85,5256
25-11-2022 09:35,2751.65,2767.85,8411
25-11-2022 09:30,2753.6,2752.2,9516
25-11-2022 09:25,2761,2753.7,35357
25-11-2022 09:20,2764.15,2763.55,17628
25-11-2022 09:15,2794.95,2764.65,32257
25-11-2022 09:05,2790.85,2790.85,1037
24-11-2022 16:55,2790.85,2790.85,0
24-11-2022 15:55,2790.85,2790.85,5
24-11-2022 15:50,2790.85,2790.85,100
24-11-2022 15:45,2790.85,2790.85,6
24-11-2022 15:40,2790.85,2790.85,55
24-11-2022 15:30,2790.85,2790.85,70
24-11-2022 15:25,2779.8,2786,9239
24-11-2022 15:20,2780.75,2778,17862
24-11-2022 15:15,2789.9,2786.2,20535
24-11-2022 15:10,2794.3,2789.9,9180
24-11-2022 15:05,2804.1,2792.2,16221
24-11-2022 15:00,2775,2805,29717
24-11-2022 14:55,2781.7,2775,14629
24-11-2022 14:50,2786.3,2781.85,7599
24-11-2022 14:45,2790.4,2786,8180
24-11-2022 14:40,2786.25,2791,5406
24-11-2022 14:35,2797.95,2787.7,8067
24-11-2022 14:30,2805.05,2798,16000
24-11-2022 14:25,2810,2806.9,5705
24-11-2022 14:20,2808,2810,3029
24-11-2022 14:15,2811.35,2808,9159
24-11-2022 14:10,2814.4,2812,2227
24-11-2022 14:05,2814.5,2814.4,1361
24-11-2022 14:00,2813,2814,1877
24-11-2022 13:55,2817.45,2813,4950
24-11-2022 13:50,2815.5,2816,1385
24-11-2022 13:45,2817.5,2813.45,2856
24-11-2022 13:40,2819.75,2814.95,5510
24-11-2022 13:35,2823.05,2820,3061
24-11-2022 13:30,2814.85,2824.1,7767
24-11-2022 13:25,2813.45,2814.85,5476
24-11-2022 13:20,2826.15,2813.45,6687
24-11-2022 13:15,2828.5,2826,1584
24-11-2022 13:10,2827.85,2825.75,2140
24-11-2022 13:05,2825,2827.9,2131
24-11-2022 13:00,2835.2,2827,8692
24-11-2022 12:55,2837.3,2835.2,1120
24-11-2022 12:50,2834,2837.15,1045
24-11-2022 12:45,2834.35,2834.2,2599
24-11-2022 12:40,2833.2,2834.35,2080
24-11-2022 12:35,2836.7,2833.2,2623
24-11-2022 12:30,2838.1,2836.7,1291
24-11-2022 12:25,2840,2838.1,1398
24-11-2022 12:20,2834,2840,5278
24-11-2022 12:15,2836,2833.95,1600
24-11-2022 12:10,2837.8,2834.3,1700
24-11-2022 12:05,2837.95,2837.8,1503
24-11-2022 12:00,2836.1,2837.95,1038
24-11-2022 11:55,2838,2837.5,1582
24-11-2022 11:50,2839.15,2838,5146
24-11-2022 11:45,2842.15,2839,1861
24-11-2022 11:40,2837.35,2842,2034
24-11-2022 11:35,2836,2840.55,2919
24-11-2022 11:30,2833.15,2835,3688
24-11-2022 11:25,2842.75,2832.6,7396
24-11-2022 11:20,2846.5,2844.15,2538
24-11-2022 11:15,2844,2846.5,1060
24-11-2022 11:10,2849,2846.3,5587
24-11-2022 11:05,2853,2849,1248
24-11-2022 11:00,2848,2853.05,1629
24-11-2022 10:55,2852.8,2848,2455
24-11-2022 10:50,2857.55,2851.6,2080
24-11-2022 10:45,2850,2856.75,2282
24-11-2022 10:40,2857,2850,6334
24-11-2022 10:35,2858.95,2855.1,1388
24-11-2022 10:30,2862,2857.2,2534
24-11-2022 10:25,2862.5,2862,1220
24-11-2022 10:20,2858.15,2860.8,1546
24-11-2022 10:15,2863.55,2860.8,1286
24-11-2022 10:10,2865,2861.65,2365
24-11-2022 10:05,2858.8,2863,3209
24-11-2022 10:00,2855.1,2858.25,3209
24-11-2022 09:55,2860,2857.3,3453
24-11-2022 09:50,2853.75,2860,4607
24-11-2022 09:45,2862.6,2853.75,5877
24-11-2022 09:40,2873,2864.35,4137
24-11-2022 09:35,2867.95,2873.3,5759
24-11-2022 09:30,2867.05,2868,11270
24-11-2022 09:25,2849,2864.55,5812
24-11-2022 09:20,2847.5,2848,7902
24-11-2022 09:15,2868.9,2847.35,22512
24-11-2022 09:05,2870,2870,516
23-11-2022 16:55,2856.85,2856.85,0
23-11-2022 15:40,2856.85,2856.85,35
23-11-2022 15:35,2856.85,2856.85,2
23-11-2022 15:30,2856.85,2856.85,2
23-11-2022 15:25,2837.85,2849.4,9722
23-11-2022 15:20,2852.1,2837.85,23305
23-11-2022 15:15,2859.45,2852.15,18152
23-11-2022 15:10,2858.85,2859.45,16945
23-11-2022 15:05,2869.5,2857.75,17620
23-11-2022 15:00,2858.9,2869.55,15691
23-11-2022 14:55,2872.65,2858,11222
23-11-2022 14:50,2867.55,2872.65,5094
23-11-2022 14:45,2868.3,2867.55,5038
23-11-2022 14:40,2857.55,2871.2,17152
23-11-2022 14:35,2858.9,2856.5,2182
23-11-2022 14:30,2864,2857.95,31607
23-11-2022 14:25,2861.2,2861.45,26737
23-11-2022 14:20,2861,2860,4324
23-11-2022 14:15,2866,2861,1620
23-11-2022 14:10,2861,2865.1,23792
23-11-2022 14:05,2864.1,2861,3985
23-11-2022 14:00,2860.8,2864.05,5990
23-11-2022 13:55,2866,2860.8,2452
23-11-2022 13:50,2870,2866.05,3645
23-11-2022 13:45,2865,2870,14318
23-11-2022 13:40,2857.3,2863.6,13858
23-11-2022 13:35,2856.4,2857.35,3436
23-11-2022 13:30,2855,2855.2,1963
23-11-2022 13:25,2860.3,2853.65,3960
23-11-2022 13:20,2871.55,2860.25,2060
23-11-2022 13:15,2855,2870.75,5947
23-11-2022 13:10,2860,2856.4,7562
23-11-2022 13:05,2880.95,2859.45,12267
23-11-2022 13:00,2882,2880,2262
23-11-2022 12:55,2880.9,2881,31137
23-11-2022 12:50,2880,2880,8646
23-11-2022 12:45,2880.3,2881,1166
23-11-2022 12:40,2881,2881.95,3033
23-11-2022 12:35,2881.95,2881,4158
23-11-2022 12:30,2880.7,2880.5,5969
23-11-2022 12:25,2880,2880.7,17033
23-11-2022 12:20,2880.6,2880,4754
23-11-2022 12:15,2880.85,2880.6,1526
23-11-2022 12:10,2882.45,2881.85,4632
23-11-2022 12:05,2883.9,2883.85,1073
23-11-2022 12:00,2881.25,2883.95,2042
23-11-2022 11:55,2881.85,2881.85,3887
23-11-2022 11:50,2884.55,2881.45,3387
23-11-2022 11:45,2883,2884,2214
23-11-2022 11:40,2882.9,2884.6,2979
23-11-2022 11:35,2882.85,2884.85,15001
23-11-2022 11:30,2884.05,2883.65,3257
23-11-2022 11:25,2887,2885.7,3746
23-11-2022 11:20,2882.95,2888.95,15688
23-11-2022 11:15,2899.15,2882.4,65546
23-11-2022 11:10,2899.95,2899.45,13704
23-11-2022 11:05,2894.8,2900,18381
23-11-2022 11:00,2924.95,2895,26718
23-11-2022 10:55,2939.75,2926.2,32883
23-11-2022 10:50,2864.05,2942.3,55311
23-11-2022 10:45,2833.4,2864.1,15767
23-11-2022 10:40,2830.5,2833.8,3282
23-11-2022 10:35,2834.05,2831.95,4391
23-11-2022 10:30,2833.6,2834.1,3787
23-11-2022 10:25,2830.1,2830,6865
23-11-2022 10:20,2834,2830,4054
23-11-2022 10:15,2837.55,2834,5569
23-11-2022 10:10,2832,2837.55,6179
23-11-2022 10:05,2834,2832,5319
23-11-2022 10:00,2837,2833.1,4694
23-11-2022 09:55,2833.9,2836,11042
23-11-2022 09:50,2831.6,2834.1,5293
23-11-2022 09:45,2836.3,2831.6,9374
23-11-2022 09:40,2829.1,2837.1,29656
23-11-2022 09:35,2849,2829.1,22178
23-11-2022 09:30,2858.4,2849,24738
23-11-2022 09:25,2865.55,2858.4,16135
23-11-2022 09:20,2871.95,2868.05,12459
23-11-2022 09:15,2894.85,2872.4,40507
23-11-2022 09:05,2890,2890,1661
22-11-2022 16:55,2875.15,2875.15,0
22-11-2022 15:55,2875.15,2875.15,2
22-11-2022 15:50,2875.15,2875.15,2
22-11-2022 15:45,2875.15,2875.15,42
22-11-2022 15:40,2875.15,2875.15,33
22-11-2022 15:30,2875.15,2875.15,17
22-11-2022 15:25,2863,2869,13032
22-11-2022 15:20,2864.55,2863.5,36649
22-11-2022 15:15,2879,2865.85,44987
22-11-2022 15:10,2887.8,2878.95,23436
22-11-2022 15:05,2888.8,2886.15,19124
22-11-2022 15:00,2879.95,2888.85,23407
22-11-2022 14:55,2880.15,2880.95,13125
22-11-2022 14:50,2896.05,2879.8,20506
22-11-2022 14:45,2902,2897.3,14831
22-11-2022 14:40,2911.7,2902,11742
22-11-2022 14:35,2910.55,2910,7516
22-11-2022 14:30,2913,2911.7,3188
22-11-2022 14:25,2907.95,2912,9278
22-11-2022 14:20,2906,2908,3020
22-11-2022 14:15,2905.6,2908,2625
22-11-2022 14:10,2910.9,2905.6,1656
22-11-2022 14:05,2912,2910.95,3152
22-11-2022 14:00,2908.8,2912.9,3013
22-11-2022 13:55,2901.9,2908.8,12878
22-11-2022 13:50,2900,2901.9,1752
22-11-2022 13:45,2898.1,2900,4063
22-11-2022 13:40,2898.5,2897.95,4267
22-11-2022 13:35,2905.1,2898.5,6143
22-11-2022 13:30,2906,2906.45,3816
22-11-2022 13:25,2905,2905.85,2783
22-11-2022 13:20,2910,2905,8947
22-11-2022 13:15,2901.85,2910,6293
22-11-2022 13:10,2909.75,2901.95,8657
22-11-2022 13:05,2908.9,2908,4488
22-11-2022 13:00,2908.65,2910.7,5355
22-11-2022 12:55,2907.05,2910.65,9819
22-11-2022 12:50,2914.8,2907.05,32927
22-11-2022 12:45,2928.3,2913.05,23977
22-11-2022 12:40,2934.9,2928.9,10386
22-11-2022 12:35,2941,2934.9,4876
22-11-2022 12:30,2935.8,2941.85,3556
22-11-2022 12:25,2946,2935,7536
22-11-2022 12:20,2947.9,2945.1,851
22-11-2022 12:15,2948,2948,3644
22-11-2022 12:10,2951,2948,2090
22-11-2022 12:05,2951.05,2951,2660
22-11-2022 12:00,2952,2950.95,817
22-11-2022 11:55,2947.7,2952,1623
22-11-2022 11:50,2951.05,2947.55,1903
22-11-2022 11:45,2950,2951.05,5009
22-11-2022 11:40,2945.6,2950.7,3582
22-11-2022 11:35,2957.05,2947.95,8869
22-11-2022 11:30,2955.75,2956.6,2119
22-11-2022 11:25,2955.35,2954.5,1541
22-11-2022 11:20,2959.85,2955.35,3970
22-11-2022 11:15,2957,2959.6,2368
22-11-2022 11:10,2958.8,2956.95,3991
22-11-2022 11:05,2954.2,2958.8,3291
22-11-2022 11:00,2957,2955.7,1771
22-11-2022 10:55,2959.55,2957,4431
22-11-2022 10:50,2957.05,2959.55,1415
22-11-2022 10:45,2960.15,2958.8,3121
22-11-2022 10:40,2956.8,2960.2,4070
22-11-2022 10:35,2960,2956.8,8237
22-11-2022 10:30,2967,2960,5061
22-11-2022 10:25,2968.4,2966,1234
22-11-2022 10:20,2965.35,2968.45,2593
22-11-2022 10:15,2967.4,2965.45,2093
22-11-2022 10:10,2966.9,2965.65,2173
22-11-2022 10:05,2966.2,2966.9,7981
22-11-2022 10:00,2968,2965.05,2219
22-11-2022 09:55,2968.55,2968,5299
22-11-2022 09:50,2966,2967,6236
22-11-2022 09:45,2969.65,2966,7834
22-11-2022 09:40,2968.2,2969.65,4029
22-11-2022 09:35,2973.95,2966.15,9865
22-11-2022 09:30,2971.4,2973.95,4788
22-11-2022 09:25,2973.95,2972.9,13211
22-11-2022 09:20,2976.2,2973.9,12199
22-11-2022 09:15,3018.7,2973.9,32897
22-11-2022 09:05,3018.1,3018.1,763
21-11-2022 16:55,3018.7,3018.7,0
21-11-2022 15:50,3018.7,3018.7,15
21-11-2022 15:40,3018.7,3018.7,124
21-11-2022 15:25,3011.65,3012,7321
21-11-2022 15:20,3020,3011.65,21706
21-11-2022 15:15,3016.9,3017.75,26979
21-11-2022 15:10,3020.55,3015.5,17778
21-11-2022 15:05,3020.95,3022,29038
21-11-2022 15:00,3017.7,3020.7,16477
21-11-2022 14:55,3009.9,3016.8,17506
21-11-2022 14:50,3009.55,3010,7493
21-11-2022 14:45,3009.9,3009.55,9354
21-11-2022 14:40,3009.05,3009.9,5018
21-11-2022 14:35,3008.5,3010,10653
21-11-2022 14:30,3009.5,3008.8,13221
21-11-2022 14:25,3016.95,3010,7493
21-11-2022 14:20,3020,3017.35,21950
21-11-2022 14:15,3020.15,3020,14162
21-11-2022 14:10,3017.15,3021.1,23290
21-11-2022 14:05,3026.15,3015.25,24575
21-11-2022 14:00,3028.3,3026.15,18643
21-11-2022 13:55,3027.15,3028.3,10109
21-11-2022 13:50,3028.65,3026.1,9859
21-11-2022 13:45,3037,3030,11924
21-11-2022 13:40,3025.15,3031.8,12046
21-11-2022 13:35,3028.15,3024.2,17930
21-11-2022 13:30,3035.35,3029.95,23462
21-11-2022 13:25,3030,3037,9228
21-11-2022 13:20,3037.95,3030,36082
21-11-2022 13:15,3045.55,3038.95,29309
21-11-2022 13:10,3051,3046.05,12175
21-11-2022 13:05,3055,3054.95,10322
21-11-2022 13:00,3056.55,3052.5,10662
21-11-2022 12:55,3055.05,3057.45,8387
21-11-2022 12:50,3056.25,3058,8516
21-11-2022 12:45,3049.05,3058,20796
21-11-2022 12:40,3056.7,3049.35,10000
21-11-2022 12:35,3059.95,3059.9,9630
21-11-2022 12:30,3070,3062,8862
21-11-2022 12:25,3068,3070,10062
21-11-2022 12:20,3060.5,3066.75,8130
21-11-2022 12:15,3059.95,3060.5,23301
21-11-2022 12:10,3060.95,3060,5799
21-11-2022 12:05,3057.05,3061,5828
21-11-2022 12:00,3055,3061,7356
21-11-2022 11:55,3057.95,3054.95,7608
21-11-2022 11:50,3057.05,3058,8412
21-11-2022 11:45,3058.2,3059.8,8237
21-11-2022 11:40,3055,3057.95,6703
21-11-2022 11:35,3060.15,3053.05,8501
21-11-2022 11:30,3060.75,3059.15,11717
21-11-2022 11:25,3057,3060.75,10328
21-11-2022 11:20,3059.4,3056.7,10501
21-11-2022 11:15,3054.95,3061,14184
21-11-2022 11:10,3061,3052.15,9252
21-11-2022 11:05,3065,3061,11195
21-11-2022 11:00,3063.95,3063.9,9846
21-11-2022 10:55,3059.95,3061.35,13470
21-11-2022 10:50,3056.4,3057.65,6267
21-11-2022 10:45,3057.6,3056.1,7621
21-11-2022 10:40,3058.05,3059.15,7224
21-11-2022 10:35,3060.3,3058,10939
21-11-2022 10:30,3050.6,3064,13903
21-11-2022 10:25,3044.75,3050.6,6836
21-11-2022 10:20,3047.05,3047,8897
21-11-2022 10:15,3045.1,3045.1,9646
21-11-2022 10:10,3033.3,3047.45,24663
21-11-2022 10:05,3030.15,3030.95,9161
21-11-2022 10:00,3030,3030.3,6971
21-11-2022 09:55,3035.3,3028.1,10424
21-11-2022 09:50,3037.75,3039.7,14404
21-11-2022 09:45,3039.3,3035.15,12147
21-11-2022 09:40,3037.15,3039.2,6136
21-11-2022 09:35,3038.75,3037.1,9478
21-11-2022 09:30,3041.35,3040.3,14732
21-11-2022 09:25,3040.75,3042.95,10999
21-11-2022 09:20,3058,3040.7,16723
21-11-2022 09:15,3087.15,3058,26037
21-11-2022 09:05,3075,3075,744
18-11-2022 17:00,3116.25,3116.25,0
18-11-2022 15:40,3116.25,3116.25,37
18-11-2022 15:30,3116.25,3116.25,38
18-11-2022 15:25,3118.95,3116,5949
18-11-2022 15:20,3114.95,3119,13286
18-11-2022 15:15,3123.5,3113.3,15064
18-11-2022 15:10,3118.1,3123.5,26339
18-11-2022 15:05,3115,3118.75,14434
18-11-2022 15:00,3103.6,3114.6,39116
18-11-2022 14:55,3103.8,3103.05,6459
18-11-2022 14:50,3104,3101.8,3691
18-11-2022 14:45,3101.5,3104,15044
18-11-2022 14:40,3105,3101.5,7354
18-11-2022 14:35,3104.9,3104.7,3496
18-11-2022 14:30,3104.9,3104.9,4396
18-11-2022 14:25,3099.8,3101.1,4697
18-11-2022 14:20,3088,3098.65,16380
18-11-2022 14:15,3088,3087.95,4291
18-11-2022 14:10,3088,3086.45,2594
18-11-2022 14:05,3091.7,3088,5305
18-11-2022 14:00,3080,3094.85,17227
18-11-2022 13:55,3082.5,3080.4,23323
18-11-2022 13:50,3080.4,3083,4887
18-11-2022 13:45,3081.45,3080.55,11366
18-11-2022 13:40,3096.1,3079.95,11802
18-11-2022 13:35,3100.7,3096.35,5736
18-11-2022 13:30,3097,3103.95,4848
18-11-2022 13:25,3098.6,3101,8534
18-11-2022 13:20,3111.65,3095.15,166435
18-11-2022 13:15,3109.8,3113.9,7940
18-11-2022 13:10,3092.55,3108.8,10516
18-11-2022 13:05,3124.85,3095.95,17539
18-11-2022 13:00,3127,3124.8,3355
18-11-2022 12:55,3126.9,3127,13472
18-11-2022 12:50,3126,3124.55,3931
18-11-2022 12:45,3126,3126,2996
18-11-2022 12:40,3125,3126,3612
18-11-2022 12:35,3123.15,3125,2578
18-11-2022 12:30,3125,3125,4689
18-11-2022 12:25,3125,3125,13361
18-11-2022 12:20,3126,3125,4251
18-11-2022 12:15,3125.9,3125.9,5408
18-11-2022 12:10,3124,3124.05,13247
18-11-2022 12:05,3122,3124,5871
18-11-2022 12:00,3121,3122,11681
18-11-2022 11:55,3123,3120.95,4270
18-11-2022 11:50,3121.65,3123.2,3760
18-11-2022 11:45,3122.95,3121.65,3614
18-11-2022 11:40,3120.2,3123,3041
18-11-2022 11:35,3120.95,3121.95,14373
18-11-2022 11:30,3120.95,3119,4012
18-11-2022 11:25,3122.95,3120,4434
18-11-2022 11:20,3124,3123.55,3565
18-11-2022 11:15,3123.9,3124.2,26157
18-11-2022 11:10,3123,3124,7173
18-11-2022 11:05,3123,3123,3547
18-11-2022 11:00,3125,3122.3,5316
18-11-2022 10:55,3121.2,3124,6175
18-11-2022 10:50,3119.1,3121.1,5159
18-11-2022 10:45,3107.05,3121.65,5764
18-11-2022 10:40,3106.2,3109.2,4387
18-11-2022 10:35,3109.1,3106.2,7310
18-11-2022 10:30,3116.05,3109.8,17547
18-11-2022 10:25,3101.7,3116.05,10056
18-11-2022 10:20,3095.65,3101,5301
18-11-2022 10:15,3097.4,3094.95,5914
18-11-2022 10:10,3101.3,3099.95,4067
18-11-2022 10:05,3101.45,3101.45,5730
18-11-2022 10:00,3095,3103.95,8400
18-11-2022 09:55,3091.5,3095,5352
18-11-2022 09:50,3087.8,3091.9,6899
18-11-2022 09:45,3089.15,3087.8,8026
18-11-2022 09:40,3083.7,3088.1,8246
18-11-2022 09:35,3095,3084.95,18557
18-11-2022 09:30,3104.25,3097.55,9752
18-11-2022 09:25,3120.1,3098.75,14836
18-11-2022 09:20,3135,3120.1,21700
18-11-2022 09:15,3127.95,3140.6,23629
18-11-2022 09:05,3125,3125,667
17-11-2022 15:55,3117.55,3117.55,226
17-11-2022 15:50,3117.55,3117.55,4
17-11-2022 15:45,3117.55,3117.55,31
17-11-2022 15:40,3117.55,3117.55,130
17-11-2022 15:30,3117.55,3117.55,78
17-11-2022 15:25,3113.75,3116,17980
17-11-2022 15:20,3093.8,3113.75,39745
17-11-2022 15:15,3120,3092,63087
17-11-2022 15:10,3142.55,3120,31907
17-11-2022 15:05,3163.8,3140.95,34756
17-11-2022 15:00,3166.6,3162.15,18723
17-11-2022 14:55,3175.45,3166.4,18572
17-11-2022 14:50,3160.15,3175.45,17171
17-11-2022 14:45,3160.4,3159.55,11149
17-11-2022 14:40,3167.2,3163.2,16482
17-11-2022 14:35,3175.4,3167.05,11958
17-11-2022 14:30,3184,3175,7212
17-11-2022 14:25,3180,3181.65,7693
17-11-2022 14:20,3174,3184,9216
17-11-2022 14:15,3204.4,3172,11457
17-11-2022 14:10,3208.15,3205.95,5781
17-11-2022 14:05,3206.65,3208.15,1738
17-11-2022 14:00,3209,3206.65,3479
17-11-2022 13:55,3212,3209,2199
17-11-2022 13:50,3209,3212,913
17-11-2022 13:45,3205,3209,3605
17-11-2022 13:40,3212,3205,7493
17-11-2022 13:35,3212.8,3212,1341
17-11-2022 13:30,3214,3213.5,1222
17-11-2022 13:25,3213.8,3213.15,2526
17-11-2022 13:20,3216.05,3213.8,2060
17-11-2022 13:15,3225,3216,2737
17-11-2022 13:10,3225,3225,2368
17-11-2022 13:05,3228.6,3226.1,2191
17-11-2022 13:00,3225.05,3228.35,5149
17-11-2022 12:55,3229,3225.05,2658
17-11-2022 12:50,3225,3228.3,4119
17-11-2022 12:45,3228.6,3225,4334
17-11-2022 12:40,3223.1,3228.6,12541
17-11-2022 12:35,3212.05,3222,5431
17-11-2022 12:30,3208.7,3214,4096
17-11-2022 12:25,3213.05,3208.35,1847
17-11-2022 12:20,3220.15,3212.3,2819
17-11-2022 12:15,3210.05,3217.35,3138
17-11-2022 12:10,3207.05,3210.05,3437
17-11-2022 12:05,3210.15,3209.7,2593
17-11-2022 12:00,3218.75,3210,3790
17-11-2022 11:55,3221.35,3218.7,2181
17-11-2022 11:50,3224.3,3220,3277
17-11-2022 11:45,3231.5,3223.55,1692
17-11-2022 11:40,3228.5,3231.5,3207
17-11-2022 11:35,3225,3230,3241
17-11-2022 11:30,3220.05,3225,2415
17-11-2022 11:25,3224.8,3220.05,6435
17-11-2022 11:20,3237.3,3224.85,7024
17-11-2022 11:15,3239.15,3237.75,3119
17-11-2022 11:10,3243,3239.15,3393
17-11-2022 11:05,3243.7,3242.6,29414
17-11-2022 11:00,3243.3,3243.55,27489
17-11-2022 10:55,3240,3244.25,30261
17-11-2022 10:50,3250.95,3240.45,105376
17-11-2022 10:45,3247.35,3250.95,4406
17-11-2022 10:40,3246.95,3249.2,1865
17-11-2022 10:35,3251.1,3246.95,3030
17-11-2022 10:30,3252.75,3251,812
17-11-2022 10:25,3252.8,3252.75,1354
17-11-2022 10:20,3251,3251,1106
17-11-2022 10:15,3253,3252,1442
17-11-2022 10:10,3257.85,3251.2,3076
17-11-2022 10:05,3261.95,3260,5045
17-11-2022 10:00,3270.15,3262.05,1280
17-11-2022 09:55,3260.5,3273.6,6057
17-11-2022 09:50,3258,3260.05,4152
17-11-2022 09:45,3260.4,3258,2312
17-11-2022 09:40,3259,3259.7,1667
17-11-2022 09:35,3256.5,3258.5,2667
17-11-2022 09:30,3265.5,3257.8,6643
17-11-2022 09:25,3270.9,3262.6,5174
17-11-2022 09:20,3270.45,3272,6569
17-11-2022 09:15,3266.85,3272.4,11992
17-11-2022 09:05,3270,3270,83
16-11-2022 16:55,3271.15,3271.15,0
16-11-2022 15:50,3271.15,3271.15,10
16-11-2022 15:45,3271.15,3271.15,31
16-11-2022 15:30,3271.15,3271.15,16
16-11-2022 15:25,3246.75,3268,16692
16-11-2022 15:20,3256.3,3246.75,28075
16-11-2022 15:15,3285.45,3257.35,24694
16-11-2022 15:10,3279.7,3286.3,37606
16-11-2022 15:05,3269.55,3279.7,35603
16-11-2022 15:00,3289.95,3269.55,25798
16-11-2022 14:55,3284.9,3289.95,13971
16-11-2022 14:50,3280.3,3284.9,8071
16-11-2022 14:45,3285.9,3281,12552
16-11-2022 14:40,3280,3285.9,10725
16-11-2022 14:35,3290.15,3279.75,10418
16-11-2022 14:30,3285.55,3290.35,11635
16-11-2022 14:25,3281.5,3287.75,10889
16-11-2022 14:20,3273.1,3281.5,11006
16-11-2022 14:15,3286,3274,22492
16-11-2022 14:10,3290,3286,6700
16-11-2022 14:05,3292.95,3290,13525
16-11-2022 14:00,3290,3290.65,3702
16-11-2022 13:55,3286.15,3287.75,7371
16-11-2022 13:50,3283.55,3286.05,7907
16-11-2022 13:45,3288.9,3285,6768
16-11-2022 13:40,3289,3288.9,4234
16-11-2022 13:35,3286.9,3289,3682
16-11-2022 13:30,3287.1,3288.8,3526
16-11-2022 13:25,3288.95,3288.95,3540
16-11-2022 13:20,3286.9,3289,3544
16-11-2022 13:15,3289,3289,2800
16-11-2022 13:10,3290,3288.65,2938
16-11-2022 13:05,3289.45,3290,3950
16-11-2022 13:00,3289.95,3289,14410
16-11-2022 12:55,3288,3290,5574
16-11-2022 12:50,3288,3287.5,6154
16-11-2022 12:45,3286,3288,7261
16-11-2022 12:40,3286,3286,6350
16-11-2022 12:35,3286,3286,8002
16-11-2022 12:30,3282,3286,9382
16-11-2022 12:25,3282.55,3283.95,4689
16-11-2022 12:20,3282.45,3284,6064
16-11-2022 12:15,3283.6,3284,5856
16-11-2022 12:10,3284.8,3285,20208
16-11-2022 12:05,3281.7,3282.7,7641
16-11-2022 12:00,3282.25,3281.65,7543
16-11-2022 11:55,3284,3282.25,7629
16-11-2022 11:50,3285,3282.8,6099
16-11-2022 11:45,3285,3285,13173
16-11-2022 11:40,3283.55,3284.95,6216
16-11-2022 11:35,3285,3283.55,6850
16-11-2022 11:30,3286.15,3283.4,8122
16-11-2022 11:25,3294.7,3287.85,11965
16-11-2022 11:20,3291.15,3293.15,9604
16-11-2022 11:15,3287.1,3291.8,9603
16-11-2022 11:10,3287.15,3287,9792
16-11-2022 11:05,3290,3290,15675
16-11-2022 11:00,3286.05,3290,8867
16-11-2022 10:55,3284.6,3287.9,25393
16-11-2022 10:50,3284,3284.65,12403
16-11-2022 10:45,3285.9,3281.6,67130
16-11-2022 10:40,3288.25,3286,85289
16-11-2022 10:35,3283.65,3289.9,54828
16-11-2022 10:30,3282.65,3283.7,37408
16-11-2022 10:25,3280,3284.95,15023
16-11-2022 10:20,3280,3280,10593
16-11-2022 10:15,3277.9,3278.05,10963
16-11-2022 10:10,3275.3,3276.55,9289
16-11-2022 10:05,3270,3277.95,10408
16-11-2022 10:00,3269.45,3268.7,4117
16-11-2022 09:55,3268.15,3269.45,3376
16-11-2022 09:50,3266.65,3267,5503
16-11-2022 09:45,3271,3269.5,2359
16-11-2022 09:40,3274.65,3271.8,7848
16-11-2022 09:35,3271.15,3274,5068
16-11-2022 09:30,3274.95,3272.15,3310
16-11-2022 09:25,3277.4,3273,6061
16-11-2022 09:20,3283.2,3275.05,6870
16-11-2022 09:15,3290,3283.25,9144
16-11-2022 09:05,3295,3295,234
15-11-2022 16:55,3290.3,3290.3,0
15-11-2022 15:55,3290.3,3290.3,8
15-11-2022 15:50,3290.3,3290.3,8
15-11-2022 15:40,3290.3,3290.3,2
15-11-2022 15:30,3290.3,3290.3,100
15-11-2022 15:25,3284.85,3287,14744
15-11-2022 15:20,3288.15,3284.8,19366
15-11-2022 15:15,3291,3288.2,16036
15-11-2022 15:10,3295.85,3291.15,24827
15-11-2022 15:05,3291.55,3295,18712
15-11-2022 15:00,3290.9,3291.2,23744
15-11-2022 14:55,3289,3290.95,15878
15-11-2022 14:50,3287.55,3289,12229
15-11-2022 14:45,3287.5,3287.55,7613
15-11-2022 14:40,3285.9,3287.45,6309
15-11-2022 14:35,3286,3284.6,5561
15-11-2022 14:30,3285.2,3284.1,5087
15-11-2022 14:25,3288,3286,6396
15-11-2022 14:20,3288,3288,4872
15-11-2022 14:15,3288,3288,4184
15-11-2022 14:10,3287.05,3288,8698
15-11-2022 14:05,3286,3287.95,10219
15-11-2022 14:00,3284.95,3284.95,4022
15-11-2022 13:55,3285,3285,5263
15-11-2022 13:50,3282.35,3282.8,5454
15-11-2022 13:45,3288,3285,6076
15-11-2022 13:40,3287.95,3287.95,11501
15-11-2022 13:35,3285.15,3288,5496
15-11-2022 13:30,3285.05,3287,5763
15-11-2022 13:25,3284.65,3287,4822
15-11-2022 13:20,3288,3284.55,8585
15-11-2022 13:15,3286.1,3288,7984
15-11-2022 13:10,3285,3286.7,12041
15-11-2022 13:05,3283,3284.95,7086
15-11-2022 13:00,3280,3283,9124
15-11-2022 12:55,3279.95,3278.85,6181
15-11-2022 12:50,3280,3280,7073
15-11-2022 12:45,3277.2,3280,7600
15-11-2022 12:40,3279,3278.3,7007
15-11-2022 12:35,3279,3278.9,6642
15-11-2022 12:30,3280,3277,10836
15-11-2022 12:25,3279.95,3280,9995
15-11-2022 12:20,3280,3279.7,9162
15-11-2022 12:15,3281.8,3280,10072
15-11-2022 12:10,3281.25,3279.25,8744
15-11-2022 12:05,3280,3282,8402
15-11-2022 12:00,3277.4,3278.8,18761
15-11-2022 11:55,3279.6,3280,8690
15-11-2022 11:50,3282.2,3280.45,73477
15-11-2022 11:45,3278.65,3282.25,22524
15-11-2022 11:40,3280,3283.55,58632
15-11-2022 11:35,3280,3280.75,65367
15-11-2022 11:30,3282.3,3282.45,25961
15-11-2022 11:25,3287.2,3282.1,14916
15-11-2022 11:20,3285.4,3287.15,10062
15-11-2022 11:15,3285.25,3285.1,10897
15-11-2022 11:10,3290,3282.75,11849
15-11-2022 11:05,3287.3,3287.65,8811
15-11-2022 11:00,3287,3287.8,8121
15-11-2022 10:55,3287.05,3289.4,7716
15-11-2022 10:50,3286.1,3287.05,8997
15-11-2022 10:45,3289.25,3288,12744
15-11-2022 10:40,3292.9,3289.25,9292
15-11-2022 10:35,3286.65,3290.25,7370
15-11-2022 10:30,3290.05,3286.65,12638
15-11-2022 10:25,3292.25,3291.15,15569
15-11-2022 10:20,3289.35,3294.95,8596
15-11-2022 10:15,3287.7,3291.35,7101
15-11-2022 10:10,3292.5,3290,10423
15-11-2022 10:05,3291.3,3292.35,11610
15-11-2022 10:00,3292.8,3291.35,11597
15-11-2022 09:55,3291.3,3290.75,10549
15-11-2022 09:50,3288.05,3294.8,10067
15-11-2022 09:45,3292.15,3289,9140
15-11-2022 09:40,3290,3292.45,14683
15-11-2022 09:35,3277.45,3292.8,10359
15-11-2022 09:30,3268.6,3277,8904
15-11-2022 09:25,3274.1,3268.55,9327
15-11-2022 09:20,3281.1,3274.1,4931
15-11-2022 09:15,3290,3277.4,9598
15-11-2022 09:05,3287.65,3287.65,237
,,,
,,,
,,,
,,,
,,,
,,,
,,,
,,,
,,,
,,,
,,,
,,,
,,,
,,,
,,,
,,,
,,,
,,,
,,,
,,,
